du,n,nb,nn,r,un,time,timezone
25770,Build Project,2014,master,SUCCESS,SYSTEM,1464688129000,Asia/Calcutta
24150,Build Project,2013,master,SUCCESS,SYSTEM,1464680929000,Asia/Calcutta
24148,Build Project,2012,master,SUCCESS,SYSTEM,1464673729000,Asia/Calcutta
37743,Build Project,2011,master,SUCCESS,SYSTEM,1464666529000,Asia/Calcutta
24059,Build Project,2010,master,SUCCESS,SYSTEM,1464601729000,Asia/Calcutta
23456,Build Project,2009,master,SUCCESS,SYSTEM,1464594529000,Asia/Calcutta
23746,Build Project,2008,master,SUCCESS,SYSTEM,1464587329000,Asia/Calcutta
36574,Build Project,2007,master,SUCCESS,SYSTEM,1464580129000,Asia/Calcutta
27948,Build Project,2006,master,SUCCESS,SYSTEM,1464515336000,Asia/Calcutta
27407,Build Project,2005,master,SUCCESS,SYSTEM,1464508135000,Asia/Calcutta
23511,Build Project,2004,master,SUCCESS,SYSTEM,1464500935000,Asia/Calcutta
39595,Build Project,2003,master,SUCCESS,SYSTEM,1464493735000,Asia/Calcutta
26252,Build Project,2002,master,SUCCESS,SYSTEM,1464428935000,Asia/Calcutta
22799,Build Project,2001,master,SUCCESS,SYSTEM,1464421736000,Asia/Calcutta
32963,Build Project,2000,master,SUCCESS,SYSTEM,1464414535000,Asia/Calcutta
40536,Build Project,1999,master,SUCCESS,SYSTEM,1464407335000,Asia/Calcutta
26358,Build Project,1998,master,SUCCESS,SYSTEM,1464342536000,Asia/Calcutta
25022,Build Project,1997,master,SUCCESS,SYSTEM,1464335335000,Asia/Calcutta
23603,Build Project,1996,master,SUCCESS,SYSTEM,1464328135000,Asia/Calcutta
37534,Build Project,1995,master,SUCCESS,SYSTEM,1464320936000,Asia/Calcutta
26395,Build Project,1994,master,SUCCESS,SYSTEM,1464256135000,Asia/Calcutta
25214,Build Project,1993,master,SUCCESS,SYSTEM,1464248935000,Asia/Calcutta
25038,Build Project,1992,master,SUCCESS,SYSTEM,1464241736000,Asia/Calcutta
36586,Build Project,1991,master,SUCCESS,SYSTEM,1464234535000,Asia/Calcutta
24128,Build Project,1990,master,SUCCESS,SYSTEM,1464169735000,Asia/Calcutta
23831,Build Project,1989,master,SUCCESS,SYSTEM,1464162535000,Asia/Calcutta
23740,Build Project,1988,master,SUCCESS,SYSTEM,1464155335000,Asia/Calcutta
42287,Build Project,1987,master,SUCCESS,SYSTEM,1464148136000,Asia/Calcutta
24174,Build Project,1986,master,SUCCESS,SYSTEM,1464083335000,Asia/Calcutta
23784,Build Project,1985,master,SUCCESS,SYSTEM,1464076135000,Asia/Calcutta
26755,Build Project,1984,master,SUCCESS,SYSTEM,1464068935000,Asia/Calcutta
41253,Build Project,1983,master,SUCCESS,SYSTEM,1464061735000,Asia/Calcutta
25198,Build Project,1982,master,SUCCESS,SYSTEM,1463996935000,Asia/Calcutta
24679,Build Project,1981,master,SUCCESS,SYSTEM,1463989735000,Asia/Calcutta
26962,Build Project,1980,master,SUCCESS,SYSTEM,1463982535000,Asia/Calcutta
37538,Build Project,1979,master,SUCCESS,SYSTEM,1463975335000,Asia/Calcutta
23536,Build Project,1978,master,SUCCESS,SYSTEM,1463910535000,Asia/Calcutta
24144,Build Project,1977,master,SUCCESS,SYSTEM,1463903335000,Asia/Calcutta
24447,Build Project,1976,master,SUCCESS,SYSTEM,1463896135000,Asia/Calcutta
40897,Build Project,1975,master,SUCCESS,SYSTEM,1463888935000,Asia/Calcutta
25222,Build Project,1974,master,SUCCESS,SYSTEM,1463824080000,Asia/Calcutta
22885,Build Project,1973,master,SUCCESS,SYSTEM,1463816880000,Asia/Calcutta
26304,Build Project,1972,master,SUCCESS,SYSTEM,1463809680000,Asia/Calcutta
46008,Build Project,1971,master,SUCCESS,SYSTEM,1463802480000,Asia/Calcutta
26265,Build Project,1970,master,SUCCESS,SYSTEM,1463737680000,Asia/Calcutta
25795,Build Project,1969,master,SUCCESS,SYSTEM,1463730480000,Asia/Calcutta
27349,Build Project,1968,master,SUCCESS,SYSTEM,1463723280000,Asia/Calcutta
46125,Build Project,1967,master,SUCCESS,SYSTEM,1463716080000,Asia/Calcutta
1154,Build Project,1966,master,ABORTED,SYSTEM,1463661396000,Asia/Calcutta
47698,Build Project,1965,master,SUCCESS,SYSTEM,1463629680000,Asia/Calcutta
23146,Build Project,1964,master,SUCCESS,SYSTEM,1463593516000,Asia/Calcutta
28736,Build Project,1963,master,SUCCESS,SYSTEM,1463592960000,Asia/Calcutta
25487,Build Project,1962,master,SUCCESS,SYSTEM,1463589054000,Asia/Calcutta
32280,Build Project,1961,master,SUCCESS,SYSTEM,1463587875000,Asia/Calcutta
45690,Build Project,1960,master,SUCCESS,SYSTEM,1463564880000,Asia/Calcutta
47114,Build Project,1959,master,SUCCESS,SYSTEM,1463557680000,Asia/Calcutta
47876,Build Project,1958,master,SUCCESS,SYSTEM,1463550480000,Asia/Calcutta
44865,Build Project,1957,master,SUCCESS,SYSTEM,1463543280000,Asia/Calcutta
25364,Build Project,1956,master,SUCCESS,SYSTEM,1463478480000,Asia/Calcutta
27250,Build Project,1955,master,SUCCESS,SYSTEM,1463471280000,Asia/Calcutta
26204,Build Project,1954,master,SUCCESS,SYSTEM,1463470289000,Asia/Calcutta
24928,Build Project,1953,master,SUCCESS,SYSTEM,1463464080000,Asia/Calcutta
42475,Build Project,1952,master,SUCCESS,SYSTEM,1463456880000,Asia/Calcutta
26510,Build Project,1951,master,SUCCESS,SYSTEM,1463398734000,Asia/Calcutta
25542,Build Project,1950,master,SUCCESS,SYSTEM,1463392080000,Asia/Calcutta
64616,Build Project,1949,master,SUCCESS,SYSTEM,1463386667000,Asia/Calcutta
28580,Build Project,1948,master,SUCCESS,SYSTEM,1463384880000,Asia/Calcutta
26256,Build Project,1947,master,SUCCESS,SYSTEM,1463384162000,Asia/Calcutta
30080,Build Project,1946,master,SUCCESS,SYSTEM,1463384132000,Asia/Calcutta
27244,Build Project,1945,master,SUCCESS,SYSTEM,1463380207000,Asia/Calcutta
26179,Build Project,1944,master,SUCCESS,SYSTEM,1463379126000,Asia/Calcutta
23560,Build Project,1943,master,SUCCESS,SYSTEM,1463379103000,Asia/Calcutta
24393,Build Project,1942,master,SUCCESS,SYSTEM,1463378881000,Asia/Calcutta
51892,Build Project,1941,master,SUCCESS,SYSTEM,1463377680000,Asia/Calcutta
26255,Build Project,1940,master,SUCCESS,SYSTEM,1463204880000,Asia/Calcutta
29013,Build Project,1939,master,SUCCESS,SYSTEM,1463197680000,Asia/Calcutta
42021,Build Project,1938,master,SUCCESS,SYSTEM,1463132880000,Asia/Calcutta
34730,Build Project,1937,master,SUCCESS,SYSTEM,1463125680000,Asia/Calcutta
32960,Build Project,1936,master,SUCCESS,SYSTEM,1463119763000,Asia/Calcutta
23138,Build Project,1935,master,SUCCESS,SYSTEM,1463119739000,Asia/Calcutta
26862,Build Project,1934,master,SUCCESS,SYSTEM,1463119616000,Asia/Calcutta
30557,Build Project,1933,master,SUCCESS,SYSTEM,1463119586000,Asia/Calcutta
24489,Build Project,1932,master,SUCCESS,SYSTEM,1463118480000,Asia/Calcutta
24152,Build Project,1931,master,SUCCESS,SYSTEM,1463117047000,Asia/Calcutta
35441,Build Project,1930,master,SUCCESS,SYSTEM,1463111280000,Asia/Calcutta
39078,Build Project,1929,master,SUCCESS,SYSTEM,1463053935000,Asia/Calcutta
25618,Build Project,1928,master,SUCCESS,SYSTEM,1463046480000,Asia/Calcutta
24065,Build Project,1927,master,SUCCESS,SYSTEM,1463045174000,Asia/Calcutta
26384,Build Project,1926,master,SUCCESS,SYSTEM,1463044495000,Asia/Calcutta
26431,Build Project,1925,master,SUCCESS,SYSTEM,1463044424000,Asia/Calcutta
26269,Build Project,1924,master,SUCCESS,SYSTEM,1463044300000,Asia/Calcutta
43642,Build Project,1923,master,SUCCESS,SYSTEM,1463039280000,Asia/Calcutta
31823,Build Project,1922,master,SUCCESS,SYSTEM,1462960080000,Asia/Calcutta
31267,Build Project,1921,master,SUCCESS,SYSTEM,1462955037000,Asia/Calcutta
29946,Build Project,1920,master,SUCCESS,SYSTEM,1462954222000,Asia/Calcutta
49056,Build Project,1919,master,SUCCESS,SYSTEM,1462952880000,Asia/Calcutta
27987,Build Project,1918,master,SUCCESS,SYSTEM,1462945680000,Asia/Calcutta
41881,Build Project,1917,master,SUCCESS,SYSTEM,1462938480000,Asia/Calcutta
50340,Build Project,1916,master,SUCCESS,SYSTEM,1462873680000,Asia/Calcutta
28627,Build Project,1915,master,SUCCESS,SYSTEM,1462787334000,Asia/Calcutta
27245,Build Project,1914,master,SUCCESS,SYSTEM,1462780134000,Asia/Calcutta
31204,Build Project,1913,master,SUCCESS,SYSTEM,1462772934000,Asia/Calcutta
34503,Build Project,1912,master,SUCCESS,SYSTEM,1462765734000,Asia/Calcutta
29894,Build Project,1911,master,SUCCESS,SYSTEM,1462700880000,Asia/Calcutta
29384,Build Project,1910,master,SUCCESS,SYSTEM,1462693680000,Asia/Calcutta
27903,Build Project,1909,master,SUCCESS,SYSTEM,1462686480000,Asia/Calcutta
36686,Build Project,1908,master,SUCCESS,SYSTEM,1462679280000,Asia/Calcutta
33013,Build Project,1907,master,SUCCESS,SYSTEM,1462614480000,Asia/Calcutta
29435,Build Project,1906,master,SUCCESS,SYSTEM,1462607280000,Asia/Calcutta
31978,Build Project,1905,master,SUCCESS,SYSTEM,1462600080000,Asia/Calcutta
35774,Build Project,1904,master,SUCCESS,SYSTEM,1462592880000,Asia/Calcutta
33008,Build Project,1903,master,SUCCESS,SYSTEM,1462536129000,Asia/Calcutta
32806,Build Project,1902,master,SUCCESS,SYSTEM,1462535768000,Asia/Calcutta
39254,Build Project,1901,master,SUCCESS,SYSTEM,1462535648000,Asia/Calcutta
27854,Build Project,1900,master,SUCCESS,SYSTEM,1462528080000,Asia/Calcutta
26616,Build Project,1899,master,SUCCESS,SYSTEM,1462517280000,Asia/Calcutta
27399,Build Project,1898,master,SUCCESS,SYSTEM,1462506480000,Asia/Calcutta
27364,Build Project,1897,master,SUCCESS,SYSTEM,1462495680000,Asia/Calcutta
31634,Build Project,1896,master,SUCCESS,SYSTEM,1462484880000,Asia/Calcutta
30557,Build Project,1895,master,SUCCESS,SYSTEM,1462474080000,Asia/Calcutta
30597,Build Project,1894,master,SUCCESS,SYSTEM,1462463280000,Asia/Calcutta
31978,Build Project,1893,master,SUCCESS,SYSTEM,1462452480000,Asia/Calcutta
27527,Build Project,1892,master,SUCCESS,SYSTEM,1462441680000,Asia/Calcutta
26442,Build Project,1891,master,SUCCESS,SYSTEM,1462430880000,Asia/Calcutta
31367,Build Project,1890,master,SUCCESS,SYSTEM,1462420080000,Asia/Calcutta
33186,Build Project,1889,master,SUCCESS,SYSTEM,1462409280000,Asia/Calcutta
33454,Build Project,1888,master,SUCCESS,SYSTEM,1462398480000,Asia/Calcutta
31375,Build Project,1887,master,SUCCESS,SYSTEM,1462387680000,Asia/Calcutta
26607,Build Project,1886,master,SUCCESS,SYSTEM,1462376880000,Asia/Calcutta
30995,Build Project,1885,master,SUCCESS,SYSTEM,1462366080000,Asia/Calcutta
28849,Build Project,1884,master,SUCCESS,SYSTEM,1462355280000,Asia/Calcutta
60384,Build Project,1883,master,SUCCESS,SYSTEM,1462354031000,Asia/Calcutta
374,Deploy For Test,34,master,SUCCESS,SYSTEM,1464682500000,Asia/Calcutta
359,Deploy For Test,33,master,SUCCESS,SYSTEM,1464673984000,Asia/Calcutta
327,Deploy For Test,32,master,SUCCESS,SYSTEM,1464673804000,Asia/Calcutta
359,Deploy For Test,31,master,SUCCESS,SYSTEM,1464666803000,Asia/Calcutta
312,Deploy For Test,30,master,SUCCESS,SYSTEM,1464666618000,Asia/Calcutta
421,Deploy For Test,29,master,SUCCESS,SYSTEM,1463809938000,Asia/Calcutta
406,Deploy For Test,28,master,SUCCESS,SYSTEM,1463809757000,Asia/Calcutta
405,Deploy For Test,27,master,SUCCESS,SYSTEM,1463802756000,Asia/Calcutta
452,Deploy For Test,26,master,SUCCESS,SYSTEM,1463802576000,Asia/Calcutta
468,Deploy For Test,25,master,SUCCESS,SYSTEM,1463740082000,Asia/Calcutta
429,Deploy For Test,24,master,SUCCESS,SYSTEM,1463739902000,Asia/Calcutta
453,Deploy For Test,23,master,SUCCESS,SYSTEM,1463595981000,Asia/Calcutta
375,Deploy For Test,22,master,SUCCESS,SYSTEM,1463593220000,Asia/Calcutta
390,Deploy For Test,21,master,SUCCESS,SYSTEM,1463593040000,Asia/Calcutta
312,Deploy For Test,20,master,SUCCESS,SYSTEM,1463589314000,Asia/Calcutta
328,Deploy For Test,19,master,SUCCESS,SYSTEM,1463589134000,Asia/Calcutta
811,Deploy For Test,18,master,SUCCESS,SYSTEM,1463588137000,Asia/Calcutta
436,Deploy For Test,17,master,SUCCESS,SYSTEM,1463587962000,Asia/Calcutta
608,Deploy For Test,16,master,SUCCESS,SYSTEM,1463560177000,Asia/Calcutta
780,Deploy For Test,15,master,SUCCESS,SYSTEM,1463554181000,Asia/Calcutta
858,Deploy For Test,14,master,SUCCESS,SYSTEM,1463550760000,Asia/Calcutta
561,Deploy For Test,13,master,SUCCESS,SYSTEM,1463550580000,Asia/Calcutta
827,Deploy For Test,12,master,SUCCESS,SYSTEM,1463548659000,Asia/Calcutta
2153,Deploy For Test,11,master,SUCCESS,SYSTEM,1463543565000,Asia/Calcutta
437,Deploy For Test,10,master,SUCCESS,SYSTEM,1463543385000,Asia/Calcutta
436,Deploy For Test,9,master,SUCCESS,SYSTEM,1463500482000,Asia/Calcutta
955,Deploy For Test,8,master,SUCCESS,SYSTEM,1463499079000,Asia/Calcutta
983,Deploy For Test,7,master,SUCCESS,SYSTEM,1463495494000,Asia/Calcutta
967,Deploy For Test,6,master,SUCCESS,SYSTEM,1463491427000,Asia/Calcutta
749,Deploy For Test,5,master,SUCCESS,SYSTEM,1463479722000,Asia/Calcutta
452,Deploy For Test,4,master,SUCCESS,SYSTEM,1463479677000,Asia/Calcutta
359,Deploy For Test,3,master,SUCCESS,SYSTEM,1463471361000,Asia/Calcutta
374,Deploy For Test,2,master,SUCCESS,SYSTEM,1463470374000,Asia/Calcutta
1529,Deploy For Test,1,master,SUCCESS,SYSTEM,1463405429000,Asia/Calcutta
1201,Deploy Into Production,1,master,SUCCESS,SYSTEM,1463405603000,Asia/Calcutta
506733874,Deploy Project,2087,master,FAILURE,SYSTEM,1464688160000,Asia/Calcutta
10842,Deploy Project,2086,master,SUCCESS,SYSTEM,1464680960000,Asia/Calcutta
10764,Deploy Project,2085,master,SUCCESS,SYSTEM,1464673759000,Asia/Calcutta
13993,Deploy Project,2084,master,SUCCESS,SYSTEM,1464666572000,Asia/Calcutta
2418,Deploy Project,2083,master,FAILURE,SYSTEM,1464603849000,Asia/Calcutta
534879770,Deploy Project,2082,master,FAILURE,SYSTEM,1464068969000,Asia/Calcutta
1264,Deploy Project,2081,master,FAILURE,SYSTEM,1464061783000,Asia/Calcutta
1451,Deploy Project,2080,master,FAILURE,SYSTEM,1463996970000,Asia/Calcutta
1358,Deploy Project,2079,master,FAILURE,SYSTEM,1463989769000,Asia/Calcutta
1451,Deploy Project,2078,master,FAILURE,SYSTEM,1463982568000,Asia/Calcutta
1451,Deploy Project,2077,master,FAILURE,SYSTEM,1463975382000,Asia/Calcutta
1310,Deploy Project,2076,master,FAILURE,SYSTEM,1463910565000,Asia/Calcutta
1341,Deploy Project,2075,master,FAILURE,SYSTEM,1463903369000,Asia/Calcutta
1482,Deploy Project,2074,master,FAILURE,SYSTEM,1463896168000,Asia/Calcutta
1966,Deploy Project,2073,master,FAILURE,SYSTEM,1463888982000,Asia/Calcutta
1404,Deploy Project,2072,master,FAILURE,SYSTEM,1463824114000,Asia/Calcutta
9625,Deploy Project,2071,master,FAILURE,SYSTEM,1463816908000,Asia/Calcutta
11591,Deploy Project,2070,master,SUCCESS,SYSTEM,1463809712000,Asia/Calcutta
13821,Deploy Project,2069,master,SUCCESS,SYSTEM,1463802531000,Asia/Calcutta
15040,Deploy Project,2068,master,SUCCESS,SYSTEM,1463739850000,Asia/Calcutta
10421,Deploy Project,2066,master,SUCCESS,SYSTEM,1463593546000,Asia/Calcutta
10826,Deploy Project,2065,master,SUCCESS,SYSTEM,1463592995000,Asia/Calcutta
11373,Deploy Project,2064,master,SUCCESS,SYSTEM,1463589089000,Asia/Calcutta
9734,Deploy Project,2063,master,SUCCESS,SYSTEM,1463587917000,Asia/Calcutta
19642859,Deploy Project,2062,master,FAILURE,SYSTEM,1463564936000,Asia/Calcutta
19859,Deploy Project,2061,master,SUCCESS,SYSTEM,1463557736000,Asia/Calcutta
13213,Deploy Project,2060,master,SUCCESS,SYSTEM,1463550535000,Asia/Calcutta
15353,Deploy Project,2059,master,SUCCESS,SYSTEM,1463543335000,Asia/Calcutta
22604,Deploy Project,2058,master,SUCCESS,SYSTEM,1463478512000,Asia/Calcutta
11091,Deploy Project,2057,master,SUCCESS,SYSTEM,1463471316000,Asia/Calcutta
12184,Deploy Project,2056,master,SUCCESS,SYSTEM,1463470324000,Asia/Calcutta
1279,Deploy Project,2055,master,FAILURE,SYSTEM,1463464115000,Asia/Calcutta
1763,Deploy Project,2054,master,FAILURE,SYSTEM,1463456928000,Asia/Calcutta
1388,Deploy Project,2053,master,FAILURE,SYSTEM,1463398769000,Asia/Calcutta
1326,Deploy Project,2052,master,FAILURE,SYSTEM,1463392113000,Asia/Calcutta
4961,Deploy Project,2051,master,FAILURE,SYSTEM,1463386738000,Asia/Calcutta
1576,Deploy Project,2050,master,FAILURE,SYSTEM,1463384918000,Asia/Calcutta
1513,Deploy Project,2049,master,FAILURE,SYSTEM,1463384197000,Asia/Calcutta
2251,Deploy Project,2048,master,FAILURE,SYSTEM,1463384172000,Asia/Calcutta
1358,Deploy Project,2047,master,FAILURE,SYSTEM,1463380242000,Asia/Calcutta
1460,Deploy Project,2046,master,FAILURE,SYSTEM,1463379158000,Asia/Calcutta
21587,Deploy Project,2045,master,FAILURE,SYSTEM,1463379136000,Asia/Calcutta
31684,Deploy Project,2044,master,SUCCESS,SYSTEM,1463378916000,Asia/Calcutta
15494,Deploy Project,2043,master,SUCCESS,SYSTEM,1463377739000,Asia/Calcutta
12605,Deploy Project,2042,master,SUCCESS,SYSTEM,1463204914000,Asia/Calcutta
14180,Deploy Project,2041,master,SUCCESS,SYSTEM,1463197718000,Asia/Calcutta
11341,Deploy Project,2040,master,FAILURE,SYSTEM,1463132929000,Asia/Calcutta
11201,Deploy Project,2039,master,SUCCESS,SYSTEM,1463125722000,Asia/Calcutta
11646,Deploy Project,2038,master,SUCCESS,SYSTEM,1463119803000,Asia/Calcutta
12415,Deploy Project,2037,master,SUCCESS,SYSTEM,1463119768000,Asia/Calcutta
2200,Deploy Project,2036,master,FAILURE,SYSTEM,1463119653000,Asia/Calcutta
3869,Deploy Project,2035,master,FAILURE,SYSTEM,1463119623000,Asia/Calcutta
1202,Deploy Project,2034,master,FAILURE,SYSTEM,1463119526000,Asia/Calcutta
1389,Deploy Project,2033,master,FAILURE,SYSTEM,1463119524000,Asia/Calcutta
1388,Deploy Project,2032,master,FAILURE,SYSTEM,1463118511000,Asia/Calcutta
1358,Deploy Project,2031,master,FAILURE,SYSTEM,1463117079000,Asia/Calcutta
11747,Deploy Project,2030,master,FAILURE,SYSTEM,1463111325000,Asia/Calcutta
12808,Deploy Project,2029,master,SUCCESS,SYSTEM,1463053980000,Asia/Calcutta
11856,Deploy Project,2028,master,SUCCESS,SYSTEM,1463046514000,Asia/Calcutta
9094,Deploy Project,2027,master,SUCCESS,SYSTEM,1463045207000,Asia/Calcutta
1379,Deploy Project,2026,master,FAILURE,SYSTEM,1463044526000,Asia/Calcutta
11497,Deploy Project,2025,master,FAILURE,SYSTEM,1463044456000,Asia/Calcutta
14790,Deploy Project,2024,master,SUCCESS,SYSTEM,1463044336000,Asia/Calcutta
15700,Deploy Project,2023,master,SUCCESS,SYSTEM,1463039329000,Asia/Calcutta
2683,Deploy Project,2022,master,FAILURE,SYSTEM,1462965788000,Asia/Calcutta
6992425,Deploy Project,2021,master,FAILURE,SYSTEM,1462958795000,Asia/Calcutta
15070,Deploy Project,2019,master,SUCCESS,SYSTEM,1462787372000,Asia/Calcutta
13447,Deploy Project,2018,master,SUCCESS,SYSTEM,1462780170000,Asia/Calcutta
2685,Deploy Project,2017,master,FAILURE,SYSTEM,1462772973000,Asia/Calcutta
2285,Deploy Project,2016,master,FAILURE,SYSTEM,1462765775000,Asia/Calcutta
2546,Deploy Project,2015,master,FAILURE,SYSTEM,1462700916000,Asia/Calcutta
2765,Deploy Project,2014,master,FAILURE,SYSTEM,1462693718000,Asia/Calcutta
2729,Deploy Project,2013,master,FAILURE,SYSTEM,1462686515000,Asia/Calcutta
2531,Deploy Project,2012,master,FAILURE,SYSTEM,1462679322000,Asia/Calcutta
2699,Deploy Project,2011,master,FAILURE,SYSTEM,1462614522000,Asia/Calcutta
3136,Deploy Project,2010,master,FAILURE,SYSTEM,1462607315000,Asia/Calcutta
2827,Deploy Project,2009,master,FAILURE,SYSTEM,1462600118000,Asia/Calcutta
2537,Deploy Project,2008,master,FAILURE,SYSTEM,1462592921000,Asia/Calcutta
13543,Deploy Project,2007,master,SUCCESS,SYSTEM,1462536169000,Asia/Calcutta
31901,Deploy Project,2006,master,SUCCESS,SYSTEM,1462535808000,Asia/Calcutta
35034,Deploy Project,2005,master,SUCCESS,SYSTEM,1462535693000,Asia/Calcutta
490,Deploy Project,2004,master,SUCCESS,SYSTEM,1462528117000,Asia/Calcutta
609,Deploy Project,2003,master,SUCCESS,SYSTEM,1462517316000,Asia/Calcutta
577,Deploy Project,2002,master,SUCCESS,SYSTEM,1462506515000,Asia/Calcutta
406,Deploy Project,2001,master,SUCCESS,SYSTEM,1462495714000,Asia/Calcutta
530,Deploy Project,2000,master,SUCCESS,SYSTEM,1462484917000,Asia/Calcutta
530,Deploy Project,1999,master,SUCCESS,SYSTEM,1462474119000,Asia/Calcutta
406,Deploy Project,1998,master,SUCCESS,SYSTEM,1462463318000,Asia/Calcutta
562,Deploy Project,1997,master,SUCCESS,SYSTEM,1462452522000,Asia/Calcutta
561,Deploy Project,1996,master,SUCCESS,SYSTEM,1462441718000,Asia/Calcutta
548,Deploy Project,1995,master,SUCCESS,SYSTEM,1462430912000,Asia/Calcutta
375,Deploy Project,1994,master,SUCCESS,SYSTEM,1462420118000,Asia/Calcutta
468,Deploy Project,1993,master,SUCCESS,SYSTEM,1462409319000,Asia/Calcutta
468,Deploy Project,1992,master,SUCCESS,SYSTEM,1462398523000,Asia/Calcutta
452,Deploy Project,1991,master,SUCCESS,SYSTEM,1462387721000,Asia/Calcutta
484,Deploy Project,1990,master,SUCCESS,SYSTEM,1462376916000,Asia/Calcutta
468,Deploy Project,1989,master,SUCCESS,SYSTEM,1462366117000,Asia/Calcutta
468,Deploy Project,1988,master,SUCCESS,SYSTEM,1462355318000,Asia/Calcutta
515,Deploy Project,1987,master,SUCCESS,SYSTEM,1462354101000,Asia/Calcutta
510040979,JmeterFullTest,39,master,FAILURE,SYSTEM,1464684925000,Asia/Calcutta
192970,JmeterFullTest,38,master,FAILURE,SYSTEM,1464674032000,Asia/Calcutta
193002,JmeterFullTest,37,master,FAILURE,SYSTEM,1464673839000,Asia/Calcutta
193032,JmeterFullTest,36,master,FAILURE,SYSTEM,1464666842000,Asia/Calcutta
193662,JmeterFullTest,35,master,FAILURE,SYSTEM,1464666648000,Asia/Calcutta
194015,JmeterFullTest,34,master,FAILURE,SYSTEM,1463809988000,Asia/Calcutta
195465,JmeterFullTest,33,master,FAILURE,SYSTEM,1463809792000,Asia/Calcutta
193484,JmeterFullTest,32,master,FAILURE,SYSTEM,1463802807000,Asia/Calcutta
196057,JmeterFullTest,31,master,FAILURE,SYSTEM,1463802611000,Asia/Calcutta
194004,JmeterFullTest,30,master,FAILURE,SYSTEM,1463740131000,Asia/Calcutta
194313,JmeterFullTest,29,master,FAILURE,SYSTEM,1463739937000,Asia/Calcutta
62997149,JmeterFullTest,28,master,ABORTED,SYSTEM,1463598408000,Asia/Calcutta
194129,JmeterFullTest,27,master,FAILURE,SYSTEM,1463593268000,Asia/Calcutta
192616,JmeterFullTest,26,master,FAILURE,SYSTEM,1463593075000,Asia/Calcutta
192234,JmeterFullTest,25,master,FAILURE,SYSTEM,1463589361000,Asia/Calcutta
191368,JmeterFullTest,24,master,FAILURE,SYSTEM,1463589169000,Asia/Calcutta
193952,JmeterFullTest,23,master,FAILURE,SYSTEM,1463588190000,Asia/Calcutta
193062,JmeterFullTest,22,master,FAILURE,SYSTEM,1463587997000,Asia/Calcutta
21388800,JmeterFullTest,21,master,ABORTED,SYSTEM,1463562602000,Asia/Calcutta
193485,JmeterFullTest,20,master,FAILURE,SYSTEM,1463554216000,Asia/Calcutta
193313,JmeterFullTest,19,master,FAILURE,SYSTEM,1463550808000,Asia/Calcutta
193190,JmeterFullTest,18,master,FAILURE,SYSTEM,1463550615000,Asia/Calcutta
192634,JmeterFullTest,17,master,FAILURE,SYSTEM,1463548694000,Asia/Calcutta
192723,JmeterFullTest,16,master,FAILURE,SYSTEM,1463543613000,Asia/Calcutta
193226,JmeterFullTest,15,master,FAILURE,SYSTEM,1463543420000,Asia/Calcutta
193542,JmeterFullTest,14,master,FAILURE,SYSTEM,1463500517000,Asia/Calcutta
192093,JmeterFullTest,13,master,FAILURE,SYSTEM,1463499114000,Asia/Calcutta
193221,JmeterFullTest,12,master,FAILURE,SYSTEM,1463495529000,Asia/Calcutta
194561,JmeterFullTest,11,master,FAILURE,SYSTEM,1463491462000,Asia/Calcutta
4108,JmeterFullTest,10,master,FAILURE,SYSTEM,1463479747000,Asia/Calcutta
5325,JmeterFullTest,9,master,FAILURE,SYSTEM,1463479707000,Asia/Calcutta
6308,JmeterFullTest,8,master,FAILURE,SYSTEM,1463471396000,Asia/Calcutta
6354,JmeterFullTest,7,master,FAILURE,SYSTEM,1463470409000,Asia/Calcutta
3999,JmeterFullTest,6,master,FAILURE,SYSTEM,1463405464000,Asia/Calcutta
7986,JmeterFullTest,5,master,FAILURE,SYSTEM,1463405439000,Asia/Calcutta
6119,JmeterFullTest,4,master,FAILURE,SYSTEM,1463379011000,Asia/Calcutta
6310,JmeterFullTest,3,master,FAILURE,SYSTEM,1463377819000,Asia/Calcutta
6183,JmeterFullTest,2,master,FAILURE,SYSTEM,1463204980000,Asia/Calcutta
6229,JmeterFullTest,1,master,FAILURE,SYSTEM,1463197783000,Asia/Calcutta
513986367,JmeterUnitTest,44,master,FAILURE,SYSTEM,1464680980000,Asia/Calcutta
197616,JmeterUnitTest,43,master,SUCCESS,SYSTEM,1464673779000,Asia/Calcutta
201709,JmeterUnitTest,42,master,SUCCESS,SYSTEM,1464666593000,Asia/Calcutta
199474,JmeterUnitTest,41,master,SUCCESS,SYSTEM,1463809732000,Asia/Calcutta
199960,JmeterUnitTest,40,master,SUCCESS,SYSTEM,1463802551000,Asia/Calcutta
201249,JmeterUnitTest,39,master,SUCCESS,SYSTEM,1463739872000,Asia/Calcutta
67829887,JmeterUnitTest,38,master,ABORTED,SYSTEM,1463593566000,Asia/Calcutta
198185,JmeterUnitTest,37,master,SUCCESS,SYSTEM,1463593015000,Asia/Calcutta
197021,JmeterUnitTest,36,master,SUCCESS,SYSTEM,1463589109000,Asia/Calcutta
199328,JmeterUnitTest,35,master,SUCCESS,SYSTEM,1463587932000,Asia/Calcutta
26237001,JmeterUnitTest,34,master,ABORTED,SYSTEM,1463557761000,Asia/Calcutta
198451,JmeterUnitTest,33,master,SUCCESS,SYSTEM,1463553977000,Asia/Calcutta
198131,JmeterUnitTest,32,master,SUCCESS,SYSTEM,1463550555000,Asia/Calcutta
194469,JmeterUnitTest,31,master,SUCCESS,SYSTEM,1463548457000,Asia/Calcutta
199209,JmeterUnitTest,30,master,SUCCESS,SYSTEM,1463543360000,Asia/Calcutta
194045,JmeterUnitTest,29,master,SUCCESS,SYSTEM,1463500282000,Asia/Calcutta
193924,JmeterUnitTest,28,master,SUCCESS,SYSTEM,1463498877000,Asia/Calcutta
199349,JmeterUnitTest,27,master,SUCCESS,SYSTEM,1463495287000,Asia/Calcutta
194896,JmeterUnitTest,26,master,SUCCESS,SYSTEM,1463491224000,Asia/Calcutta
346077,JmeterUnitTest,25,master,ABORTED,SYSTEM,1463490690000,Asia/Calcutta
495468,JmeterUnitTest,24,master,ABORTED,SYSTEM,1463489787000,Asia/Calcutta
1005649,JmeterUnitTest,23,master,ABORTED,SYSTEM,1463488765000,Asia/Calcutta
2596987,JmeterUnitTest,22,master,ABORTED,SYSTEM,1463486074000,Asia/Calcutta
774222,JmeterUnitTest,21,master,ABORTED,SYSTEM,1463485300000,Asia/Calcutta
332742,JmeterUnitTest,20,master,ABORTED,SYSTEM,1463484688000,Asia/Calcutta
1170612,JmeterUnitTest,19,master,SUCCESS,SYSTEM,1463478542000,Asia/Calcutta
10592,JmeterUnitTest,18,master,SUCCESS,SYSTEM,1463471336000,Asia/Calcutta
16878,JmeterUnitTest,17,master,SUCCESS,SYSTEM,1463470344000,Asia/Calcutta
12984,JmeterUnitTest,16,master,SUCCESS,SYSTEM,1463378956000,Asia/Calcutta
15749,JmeterUnitTest,15,master,SUCCESS,SYSTEM,1463377764000,Asia/Calcutta
10781,JmeterUnitTest,14,master,SUCCESS,SYSTEM,1463204934000,Asia/Calcutta
10261,JmeterUnitTest,13,master,SUCCESS,SYSTEM,1463197738000,Asia/Calcutta
11048,JmeterUnitTest,12,master,SUCCESS,SYSTEM,1463125742000,Asia/Calcutta
10536,JmeterUnitTest,11,master,SUCCESS,SYSTEM,1463119823000,Asia/Calcutta
14288,JmeterUnitTest,10,master,SUCCESS,SYSTEM,1463119788000,Asia/Calcutta
6911,JmeterUnitTest,9,master,SUCCESS,SYSTEM,1463058108000,Asia/Calcutta
11768,JmeterUnitTest,8,master,FAILURE,SYSTEM,1463054000000,Asia/Calcutta
7166,JmeterUnitTest,7,master,FAILURE,SYSTEM,1463049218000,Asia/Calcutta
12528,JmeterUnitTest,6,master,SUCCESS,SYSTEM,1463046534000,Asia/Calcutta
12307,JmeterUnitTest,5,master,SUCCESS,SYSTEM,1463045222000,Asia/Calcutta
7165,JmeterUnitTest,4,master,SUCCESS,SYSTEM,1463044381000,Asia/Calcutta
7285,JmeterUnitTest,3,master,SUCCESS,SYSTEM,1463041002000,Asia/Calcutta
7837,JmeterUnitTest,2,master,SUCCESS,SYSTEM,1463040931000,Asia/Calcutta
343,JmeterUnitTest,1,master,SUCCESS,SYSTEM,1463039807000,Asia/Calcutta
15563,JUNIT Test Execution,5,master,SUCCESS,SYSTEM,1463593493000,Asia/Calcutta
21285,JUNIT Test Execution,4,master,SUCCESS,SYSTEM,1463592932000,Asia/Calcutta
25327,JUNIT Test Execution,3,master,SUCCESS,SYSTEM,1463589019000,Asia/Calcutta
280,JUNIT Test Execution,2,master,SUCCESS,SYSTEM,1463470280000,Asia/Calcutta
390,JUNIT Test Execution,1,master,SUCCESS,SYSTEM,1463396050000,Asia/Calcutta
2406743,SeleniumFullTest,39,master,SUCCESS,SYSTEM,1464682510000,Asia/Calcutta
15398,SeleniumFullTest,38,master,SUCCESS,SYSTEM,1464673994000,Asia/Calcutta
15330,SeleniumFullTest,37,master,SUCCESS,SYSTEM,1464673814000,Asia/Calcutta
14716,SeleniumFullTest,36,master,SUCCESS,SYSTEM,1464666813000,Asia/Calcutta
14517,SeleniumFullTest,35,master,SUCCESS,SYSTEM,1464666628000,Asia/Calcutta
16175,SeleniumFullTest,34,master,SUCCESS,SYSTEM,1463809948000,Asia/Calcutta
16429,SeleniumFullTest,33,master,SUCCESS,SYSTEM,1463809767000,Asia/Calcutta
17220,SeleniumFullTest,32,master,SUCCESS,SYSTEM,1463802766000,Asia/Calcutta
16162,SeleniumFullTest,31,master,SUCCESS,SYSTEM,1463802586000,Asia/Calcutta
19583,SeleniumFullTest,30,master,SUCCESS,SYSTEM,1463740092000,Asia/Calcutta
18094,SeleniumFullTest,29,master,SUCCESS,SYSTEM,1463739912000,Asia/Calcutta
2408349,SeleniumFullTest,28,master,SUCCESS,SYSTEM,1463595991000,Asia/Calcutta
16276,SeleniumFullTest,27,master,SUCCESS,SYSTEM,1463593230000,Asia/Calcutta
15296,SeleniumFullTest,26,master,SUCCESS,SYSTEM,1463593050000,Asia/Calcutta
15163,SeleniumFullTest,25,master,SUCCESS,SYSTEM,1463589325000,Asia/Calcutta
19667,SeleniumFullTest,24,master,SUCCESS,SYSTEM,1463589144000,Asia/Calcutta
14148,SeleniumFullTest,23,master,SUCCESS,SYSTEM,1463588147000,Asia/Calcutta
16217,SeleniumFullTest,22,master,SUCCESS,SYSTEM,1463587972000,Asia/Calcutta
2407383,SeleniumFullTest,21,master,SUCCESS,SYSTEM,1463560187000,Asia/Calcutta
16263,SeleniumFullTest,20,master,SUCCESS,SYSTEM,1463554191000,Asia/Calcutta
17342,SeleniumFullTest,19,master,SUCCESS,SYSTEM,1463550770000,Asia/Calcutta
16902,SeleniumFullTest,18,master,SUCCESS,SYSTEM,1463550590000,Asia/Calcutta
17534,SeleniumFullTest,17,master,SUCCESS,SYSTEM,1463548669000,Asia/Calcutta
16725,SeleniumFullTest,16,master,SUCCESS,SYSTEM,1463543575000,Asia/Calcutta
16125,SeleniumFullTest,15,master,SUCCESS,SYSTEM,1463543395000,Asia/Calcutta
16121,SeleniumFullTest,14,master,SUCCESS,SYSTEM,1463500492000,Asia/Calcutta
15529,SeleniumFullTest,13,master,SUCCESS,SYSTEM,1463499089000,Asia/Calcutta
18210,SeleniumFullTest,12,master,SUCCESS,SYSTEM,1463495504000,Asia/Calcutta
18617,SeleniumFullTest,11,master,SUCCESS,SYSTEM,1463491437000,Asia/Calcutta
8378,SeleniumFullTest,10,master,SUCCESS,SYSTEM,1463479732000,Asia/Calcutta
12298,SeleniumFullTest,9,master,SUCCESS,SYSTEM,1463479687000,Asia/Calcutta
16086,SeleniumFullTest,8,master,SUCCESS,SYSTEM,1463471371000,Asia/Calcutta
15269,SeleniumFullTest,7,master,SUCCESS,SYSTEM,1463470384000,Asia/Calcutta
15153,SeleniumFullTest,6,master,SUCCESS,SYSTEM,1463405439000,Asia/Calcutta
16925,SeleniumFullTest,5,master,SUCCESS,SYSTEM,1463378986000,Asia/Calcutta
22123,SeleniumFullTest,4,master,SUCCESS,SYSTEM,1463378976000,Asia/Calcutta
16594,SeleniumFullTest,3,master,SUCCESS,SYSTEM,1463377794000,Asia/Calcutta
14937,SeleniumFullTest,2,master,SUCCESS,SYSTEM,1463204959000,Asia/Calcutta
14522,SeleniumFullTest,1,master,SUCCESS,SYSTEM,1463197763000,Asia/Calcutta
1514060,SeleniumUnitTest,2172,master,SUCCESS,SYSTEM,1464680980000,Asia/Calcutta
17333,SeleniumUnitTest,2171,master,SUCCESS,SYSTEM,1464673779000,Asia/Calcutta
18308,SeleniumUnitTest,2170,master,SUCCESS,SYSTEM,1464666593000,Asia/Calcutta
18827,SeleniumUnitTest,2169,master,SUCCESS,SYSTEM,1463809732000,Asia/Calcutta
15928,SeleniumUnitTest,2168,master,SUCCESS,SYSTEM,1463802551000,Asia/Calcutta
20851,SeleniumUnitTest,2167,master,SUCCESS,SYSTEM,1463739872000,Asia/Calcutta
2408257,SeleniumUnitTest,2166,master,SUCCESS,SYSTEM,1463593566000,Asia/Calcutta
17921,SeleniumUnitTest,2165,master,SUCCESS,SYSTEM,1463593015000,Asia/Calcutta
16750,SeleniumUnitTest,2164,master,SUCCESS,SYSTEM,1463589109000,Asia/Calcutta
21171,SeleniumUnitTest,2163,master,SUCCESS,SYSTEM,1463587932000,Asia/Calcutta
2409585,SeleniumUnitTest,2162,master,SUCCESS,SYSTEM,1463557761000,Asia/Calcutta
17924,SeleniumUnitTest,2161,master,SUCCESS,SYSTEM,1463550555000,Asia/Calcutta
19495,SeleniumUnitTest,2160,master,SUCCESS,SYSTEM,1463543360000,Asia/Calcutta
1127607,SeleniumUnitTest,2159,master,SUCCESS,SYSTEM,1463478542000,Asia/Calcutta
19223,SeleniumUnitTest,2158,master,SUCCESS,SYSTEM,1463471336000,Asia/Calcutta
20805,SeleniumUnitTest,2157,master,SUCCESS,SYSTEM,1463470344000,Asia/Calcutta
22992,SeleniumUnitTest,2156,master,SUCCESS,SYSTEM,1463378956000,Asia/Calcutta
21244,SeleniumUnitTest,2155,master,SUCCESS,SYSTEM,1463377764000,Asia/Calcutta
18822,SeleniumUnitTest,2154,master,SUCCESS,SYSTEM,1463204934000,Asia/Calcutta
19220,SeleniumUnitTest,2153,master,SUCCESS,SYSTEM,1463197738000,Asia/Calcutta
18046,SeleniumUnitTest,2152,master,SUCCESS,SYSTEM,1463125742000,Asia/Calcutta
14357,SeleniumUnitTest,2151,master,SUCCESS,SYSTEM,1463125569000,Asia/Calcutta
19669,SeleniumUnitTest,2150,master,SUCCESS,SYSTEM,1463119823000,Asia/Calcutta
18961,SeleniumUnitTest,2149,master,SUCCESS,SYSTEM,1463119788000,Asia/Calcutta
19105,SeleniumUnitTest,2148,master,SUCCESS,SYSTEM,1463054000000,Asia/Calcutta
14647,SeleniumUnitTest,2147,master,SUCCESS,SYSTEM,1463049399000,Asia/Calcutta
19430,SeleniumUnitTest,2146,master,SUCCESS,SYSTEM,1463046534000,Asia/Calcutta
20028,SeleniumUnitTest,2145,master,SUCCESS,SYSTEM,1463045222000,Asia/Calcutta
16739,SeleniumUnitTest,2144,master,SUCCESS,SYSTEM,1463044356000,Asia/Calcutta
21835,SeleniumUnitTest,2143,master,SUCCESS,SYSTEM,1463039354000,Asia/Calcutta
2407572,SeleniumUnitTest,2142,master,SUCCESS,SYSTEM,1462787397000,Asia/Calcutta
20132,SeleniumUnitTest,2141,master,SUCCESS,SYSTEM,1462780190000,Asia/Calcutta
21054,SeleniumUnitTest,2140,master,SUCCESS,SYSTEM,1462536189000,Asia/Calcutta
65412,SeleniumUnitTest,2139,master,SUCCESS,SYSTEM,1462535848000,Asia/Calcutta
72309,SeleniumUnitTest,2138,master,SUCCESS,SYSTEM,1462535733000,Asia/Calcutta
400522,SeleniumUnitTest,2137,master,FAILURE,SYSTEM,1462528127000,Asia/Calcutta
540414,SeleniumUnitTest,2136,master,SUCCESS,SYSTEM,1462517326000,Asia/Calcutta
784396,SeleniumUnitTest,2135,master,SUCCESS,SYSTEM,1462506525000,Asia/Calcutta
607241,SeleniumUnitTest,2134,master,SUCCESS,SYSTEM,1462495724000,Asia/Calcutta
537155,SeleniumUnitTest,2133,master,SUCCESS,SYSTEM,1462484928000,Asia/Calcutta
603933,SeleniumUnitTest,2132,master,SUCCESS,SYSTEM,1462474129000,Asia/Calcutta
646212,SeleniumUnitTest,2131,master,SUCCESS,SYSTEM,1462463328000,Asia/Calcutta
462946,SeleniumUnitTest,2130,master,SUCCESS,SYSTEM,1462452532000,Asia/Calcutta
618286,SeleniumUnitTest,2129,master,SUCCESS,SYSTEM,1462441728000,Asia/Calcutta
613390,SeleniumUnitTest,2128,master,SUCCESS,SYSTEM,1462430922000,Asia/Calcutta
817427,SeleniumUnitTest,2127,master,SUCCESS,SYSTEM,1462420128000,Asia/Calcutta
794034,SeleniumUnitTest,2126,master,SUCCESS,SYSTEM,1462409329000,Asia/Calcutta
848054,SeleniumUnitTest,2125,master,SUCCESS,SYSTEM,1462398533000,Asia/Calcutta
760095,SeleniumUnitTest,2124,master,SUCCESS,SYSTEM,1462387731000,Asia/Calcutta
775835,SeleniumUnitTest,2123,master,SUCCESS,SYSTEM,1462376926000,Asia/Calcutta
745943,SeleniumUnitTest,2122,master,SUCCESS,SYSTEM,1462366127000,Asia/Calcutta
674344,SeleniumUnitTest,2121,master,SUCCESS,SYSTEM,1462355328000,Asia/Calcutta
775289,SeleniumUnitTest,2120,master,SUCCESS,SYSTEM,1462354111000,Asia/Calcutta
21294,Sonar,7,master,FAILURE,SYSTEM,1463743058000,Asia/Calcutta
21044,Sonar,6,master,FAILURE,SYSTEM,1463740731000,Asia/Calcutta
21029,Sonar,5,master,FAILURE,SYSTEM,1463740710000,Asia/Calcutta
21029,Sonar,4,master,FAILURE,SYSTEM,1463740638000,Asia/Calcutta
25038,Build Project,2032,master,SUCCESS,SYSTEM,1465470028000,Asia/Calcutta
33098,Build Project,2031,master,SUCCESS,SYSTEM,1465469966000,Asia/Calcutta
26548,Build Project,2030,master,SUCCESS,SYSTEM,1465465680000,Asia/Calcutta
39367,Build Project,2029,master,SUCCESS,SYSTEM,1465458480000,Asia/Calcutta
23790,Build Project,2028,master,SUCCESS,SYSTEM,1465451280000,Asia/Calcutta
42311,Build Project,2027,master,SUCCESS,SYSTEM,1465444080000,Asia/Calcutta
26712,Build Project,2026,master,SUCCESS,SYSTEM,1465389941000,Asia/Calcutta
25753,Build Project,2025,master,SUCCESS,SYSTEM,1465379280000,Asia/Calcutta
24530,Build Project,2024,master,SUCCESS,SYSTEM,1465372080000,Asia/Calcutta
25745,Build Project,2023,master,SUCCESS,SYSTEM,1465364880000,Asia/Calcutta
38610,Build Project,2022,master,SUCCESS,SYSTEM,1465357680000,Asia/Calcutta
25304,Build Project,2021,master,SUCCESS,SYSTEM,1465292880000,Asia/Calcutta
42824,Build Project,2020,master,SUCCESS,SYSTEM,1465285680000,Asia/Calcutta
26878,Build Project,2019,master,SUCCESS,SYSTEM,1465281577000,Asia/Calcutta
42775,Build Project,2018,master,SUCCESS,SYSTEM,1465271280000,Asia/Calcutta
45283,Build Project,2017,master,SUCCESS,SYSTEM,1465206480000,Asia/Calcutta
30735,Build Project,2016,master,SUCCESS,SYSTEM,1465195141000,Asia/Calcutta
44800,Build Project,2015,master,SUCCESS,SYSTEM,1465194894000,Asia/Calcutta
25896,chef,11,master,FAILURE,SYSTEM,1465194940000,Asia/Calcutta
530,Deploy For Test,41,master,SUCCESS,SYSTEM,1465466566000,Asia/Calcutta
344,Deploy For Test,40,master,SUCCESS,SYSTEM,1465296981000,Asia/Calcutta
327,Deploy For Test,39,master,SUCCESS,SYSTEM,1465208968000,Asia/Calcutta
655,Deploy For Test,38,master,SUCCESS,SYSTEM,1465195407000,Asia/Calcutta
336,Deploy For Test,37,master,SUCCESS,SYSTEM,1465195226000,Asia/Calcutta
719,Deploy For Test,36,master,SUCCESS,SYSTEM,1465195061000,Asia/Calcutta
1232,Deploy For Test,35,master,SUCCESS,SYSTEM,1465194939000,Asia/Calcutta
0,Deploy Project,2092,master,UNSTABLE,SYSTEM,1465470273817,Asia/Calcutta
13369,Deploy Project,2090,master,SUCCESS,SYSTEM,1465206533000,Asia/Calcutta
11813,Deploy Project,2089,master,SUCCESS,SYSTEM,1465195181000,Asia/Calcutta
19970,Deploy Project,2088,master,SUCCESS,SYSTEM,1465195004000,Asia/Calcutta
47533,JmeterFullTest,43,master,ABORTED,SYSTEM,1465469876000,Asia/Calcutta
258482075,JmeterFullTest,42,master,ABORTED,SYSTEM,1465211394000,Asia/Calcutta
64176,JmeterFullTest,40,master,ABORTED,SYSTEM,1465195024000,Asia/Calcutta
83526,JmeterUnitTest,49,master,FAILURE,SYSTEM,1465470144000,Asia/Calcutta
189738,JmeterUnitTest,48,master,SUCCESS,SYSTEM,1465466367000,Asia/Calcutta
90422675,JmeterUnitTest,47,master,SUCCESS,SYSTEM,1465206553000,Asia/Calcutta
199932,JmeterUnitTest,46,master,SUCCESS,SYSTEM,1465195201000,Asia/Calcutta
57297,JmeterUnitTest,45,master,ABORTED,SYSTEM,1465195031000,Asia/Calcutta
9299,SeleniumFullTest,46,master,SUCCESS,SYSTEM,1465466576000,Asia/Calcutta
16448,SeleniumFullTest,45,master,SUCCESS,SYSTEM,1465296991000,Asia/Calcutta
2407049,SeleniumFullTest,44,master,SUCCESS,SYSTEM,1465208978000,Asia/Calcutta
13316,SeleniumFullTest,42,master,SUCCESS,SYSTEM,1465195236000,Asia/Calcutta
17663,SeleniumFullTest,41,master,ABORTED,SYSTEM,1465195071000,Asia/Calcutta
13780,SeleniumFullTest,40,master,SUCCESS,SYSTEM,1465195004000,Asia/Calcutta
2409534,SeleniumUnitTest,2175,master,SUCCESS,SYSTEM,1465206553000,Asia/Calcutta
17490,SeleniumUnitTest,2174,master,SUCCESS,SYSTEM,1465195201000,Asia/Calcutta
20528,SeleniumUnitTest,2173,master,SUCCESS,SYSTEM,1465195031000,Asia/Calcutta
702,TestJob,200,master,FAILURE,SYSTEM,1465288512000,Asia/Calcutta
328,TestJob,199,master,SUCCESS,SYSTEM,1465284721000,Asia/Calcutta
328,TestJob,198,master,SUCCESS,SYSTEM,1465284719000,Asia/Calcutta
296,TestJob,197,master,SUCCESS,SYSTEM,1465284717000,Asia/Calcutta
343,TestJob,196,master,SUCCESS,SYSTEM,1465284713000,Asia/Calcutta
359,TestJob,195,master,SUCCESS,SYSTEM,1465282001000,Asia/Calcutta
359,TestJob,194,master,SUCCESS,SYSTEM,1465281998000,Asia/Calcutta
327,TestJob,193,master,SUCCESS,SYSTEM,1465281996000,Asia/Calcutta
405,TestJob,192,master,SUCCESS,SYSTEM,1465281994000,Asia/Calcutta
312,TestJob,191,master,SUCCESS,SYSTEM,1465281629000,Asia/Calcutta
281,TestJob,190,master,SUCCESS,SYSTEM,1465222689000,Asia/Calcutta
297,TestJob,189,master,SUCCESS,SYSTEM,1465222686000,Asia/Calcutta
328,TestJob,188,master,SUCCESS,SYSTEM,1465222684000,Asia/Calcutta
296,TestJob,187,master,SUCCESS,SYSTEM,1465222682000,Asia/Calcutta
327,TestJob,186,master,SUCCESS,SYSTEM,1465222643000,Asia/Calcutta
312,TestJob,185,master,SUCCESS,SYSTEM,1465222248000,Asia/Calcutta
312,TestJob,184,master,SUCCESS,SYSTEM,1465222246000,Asia/Calcutta
280,TestJob,183,master,SUCCESS,SYSTEM,1465222244000,Asia/Calcutta
546,TestJob,182,master,SUCCESS,SYSTEM,1465222242000,Asia/Calcutta
296,TestJob,181,master,SUCCESS,SYSTEM,1465222208000,Asia/Calcutta
297,TestJob,180,master,SUCCESS,SYSTEM,1465222206000,Asia/Calcutta
312,TestJob,179,master,SUCCESS,SYSTEM,1465222204000,Asia/Calcutta
296,TestJob,178,master,SUCCESS,SYSTEM,1465222202000,Asia/Calcutta
312,TestJob,177,master,SUCCESS,SYSTEM,1465222155000,Asia/Calcutta
297,TestJob,176,master,SUCCESS,SYSTEM,1465222153000,Asia/Calcutta
296,TestJob,175,master,SUCCESS,SYSTEM,1465222151000,Asia/Calcutta
296,TestJob,174,master,SUCCESS,SYSTEM,1465222149000,Asia/Calcutta
328,TestJob,173,master,SUCCESS,SYSTEM,1465222147000,Asia/Calcutta
312,TestJob,172,master,SUCCESS,SYSTEM,1465220536000,Asia/Calcutta
312,TestJob,171,master,SUCCESS,SYSTEM,1465220534000,Asia/Calcutta
328,TestJob,170,master,SUCCESS,SYSTEM,1465220532000,Asia/Calcutta
343,TestJob,169,master,SUCCESS,SYSTEM,1465220528000,Asia/Calcutta
281,TestJob,168,master,SUCCESS,SYSTEM,1465220526000,Asia/Calcutta
281,TestJob,167,master,SUCCESS,SYSTEM,1465220005000,Asia/Calcutta
281,TestJob,166,master,SUCCESS,SYSTEM,1465220002000,Asia/Calcutta
296,TestJob,165,master,SUCCESS,SYSTEM,1465219999000,Asia/Calcutta
281,TestJob,164,master,SUCCESS,SYSTEM,1465219997000,Asia/Calcutta
297,TestJob,163,master,SUCCESS,SYSTEM,1465219994000,Asia/Calcutta
312,TestJob,162,master,SUCCESS,SYSTEM,1465219910000,Asia/Calcutta
297,TestJob,161,master,SUCCESS,SYSTEM,1465219907000,Asia/Calcutta
297,TestJob,160,master,SUCCESS,SYSTEM,1465219903000,Asia/Calcutta
312,TestJob,159,master,SUCCESS,SYSTEM,1465219579000,Asia/Calcutta
296,TestJob,158,master,SUCCESS,SYSTEM,1465219538000,Asia/Calcutta
546,TestJob,157,master,SUCCESS,SYSTEM,1465219535000,Asia/Calcutta
296,TestJob,156,master,SUCCESS,SYSTEM,1465219533000,Asia/Calcutta
296,TestJob,155,master,SUCCESS,SYSTEM,1465219531000,Asia/Calcutta
312,TestJob,154,master,SUCCESS,SYSTEM,1465219529000,Asia/Calcutta
281,TestJob,153,master,SUCCESS,SYSTEM,1465219484000,Asia/Calcutta
296,TestJob,152,master,SUCCESS,SYSTEM,1465219482000,Asia/Calcutta
296,TestJob,151,master,SUCCESS,SYSTEM,1465219478000,Asia/Calcutta
296,TestJob,150,master,SUCCESS,SYSTEM,1465219455000,Asia/Calcutta
281,TestJob,149,master,SUCCESS,SYSTEM,1465219453000,Asia/Calcutta
281,TestJob,148,master,SUCCESS,SYSTEM,1465219451000,Asia/Calcutta
296,TestJob,147,master,SUCCESS,SYSTEM,1465219449000,Asia/Calcutta
281,TestJob,146,master,SUCCESS,SYSTEM,1465219447000,Asia/Calcutta
296,TestJob,145,master,SUCCESS,SYSTEM,1465219439000,Asia/Calcutta
281,TestJob,144,master,SUCCESS,SYSTEM,1465219437000,Asia/Calcutta
296,TestJob,143,master,SUCCESS,SYSTEM,1465219435000,Asia/Calcutta
297,TestJob,142,master,SUCCESS,SYSTEM,1465219433000,Asia/Calcutta
296,TestJob,141,master,SUCCESS,SYSTEM,1465219429000,Asia/Calcutta
281,TestJob,140,master,SUCCESS,SYSTEM,1465219133000,Asia/Calcutta
265,TestJob,139,master,SUCCESS,SYSTEM,1465219131000,Asia/Calcutta
281,TestJob,138,master,SUCCESS,SYSTEM,1465219127000,Asia/Calcutta
281,TestJob,137,master,SUCCESS,SYSTEM,1465219125000,Asia/Calcutta
312,TestJob,136,master,SUCCESS,SYSTEM,1465219123000,Asia/Calcutta
312,TestJob,135,master,SUCCESS,SYSTEM,1465218471000,Asia/Calcutta
312,TestJob,134,master,SUCCESS,SYSTEM,1465218469000,Asia/Calcutta
327,TestJob,133,master,SUCCESS,SYSTEM,1465218467000,Asia/Calcutta
312,TestJob,132,master,SUCCESS,SYSTEM,1465218465000,Asia/Calcutta
328,TestJob,131,master,SUCCESS,SYSTEM,1465218462000,Asia/Calcutta
265,TestJob,130,master,SUCCESS,SYSTEM,1465218426000,Asia/Calcutta
265,TestJob,129,master,SUCCESS,SYSTEM,1465218424000,Asia/Calcutta
281,TestJob,128,master,SUCCESS,SYSTEM,1465218421000,Asia/Calcutta
281,TestJob,127,master,SUCCESS,SYSTEM,1465218419000,Asia/Calcutta
624,TestJob,126,master,SUCCESS,SYSTEM,1465218417000,Asia/Calcutta
281,TestJob,125,master,SUCCESS,SYSTEM,1465218355000,Asia/Calcutta
343,TestJob,124,master,SUCCESS,SYSTEM,1465218352000,Asia/Calcutta
437,TestJob,123,master,SUCCESS,SYSTEM,1465218350000,Asia/Calcutta
10920,TestJob,122,master,SUCCESS,SYSTEM,1465218338000,Asia/Calcutta
281,TestJob,121,master,SUCCESS,SYSTEM,1465218335000,Asia/Calcutta
312,TestJob,120,master,SUCCESS,SYSTEM,1465218267000,Asia/Calcutta
296,TestJob,119,master,SUCCESS,SYSTEM,1465218265000,Asia/Calcutta
328,TestJob,118,master,SUCCESS,SYSTEM,1465218262000,Asia/Calcutta
265,TestJob,117,master,SUCCESS,SYSTEM,1465218260000,Asia/Calcutta
281,TestJob,116,master,SUCCESS,SYSTEM,1465218258000,Asia/Calcutta
265,TestJob,115,master,SUCCESS,SYSTEM,1465218153000,Asia/Calcutta
280,TestJob,114,master,SUCCESS,SYSTEM,1465218150000,Asia/Calcutta
343,TestJob,113,master,SUCCESS,SYSTEM,1465218148000,Asia/Calcutta
297,TestJob,112,master,SUCCESS,SYSTEM,1465218146000,Asia/Calcutta
280,TestJob,111,master,SUCCESS,SYSTEM,1465218144000,Asia/Calcutta
280,TestJob,110,master,SUCCESS,SYSTEM,1465218116000,Asia/Calcutta
281,TestJob,109,master,SUCCESS,SYSTEM,1465218113000,Asia/Calcutta
281,TestJob,108,master,SUCCESS,SYSTEM,1465218110000,Asia/Calcutta
312,TestJob,107,master,SUCCESS,SYSTEM,1465218108000,Asia/Calcutta
296,TestJob,106,master,SUCCESS,SYSTEM,1465218105000,Asia/Calcutta
281,TestJob,105,master,SUCCESS,SYSTEM,1465218050000,Asia/Calcutta
281,TestJob,104,master,SUCCESS,SYSTEM,1465218048000,Asia/Calcutta
281,TestJob,103,master,SUCCESS,SYSTEM,1465218046000,Asia/Calcutta
281,TestJob,102,master,SUCCESS,SYSTEM,1465218044000,Asia/Calcutta
296,TestJob,101,master,SUCCESS,SYSTEM,1465218041000,Asia/Calcutta
265,TestJob,100,master,SUCCESS,SYSTEM,1465217946000,Asia/Calcutta
312,TestJob,99,master,SUCCESS,SYSTEM,1465217941000,Asia/Calcutta
312,TestJob,98,master,SUCCESS,SYSTEM,1465217938000,Asia/Calcutta
312,TestJob,97,master,SUCCESS,SYSTEM,1465217935000,Asia/Calcutta
312,TestJob,96,master,SUCCESS,SYSTEM,1465217932000,Asia/Calcutta
312,TestJob,95,master,SUCCESS,SYSTEM,1465217909000,Asia/Calcutta
312,TestJob,94,master,SUCCESS,SYSTEM,1465217907000,Asia/Calcutta
327,TestJob,93,master,SUCCESS,SYSTEM,1465217905000,Asia/Calcutta
328,TestJob,92,master,SUCCESS,SYSTEM,1465217902000,Asia/Calcutta
624,TestJob,91,master,SUCCESS,SYSTEM,1465217900000,Asia/Calcutta
281,TestJob,90,master,SUCCESS,SYSTEM,1465217859000,Asia/Calcutta
296,TestJob,89,master,SUCCESS,SYSTEM,1465217841000,Asia/Calcutta
297,TestJob,88,master,SUCCESS,SYSTEM,1465217767000,Asia/Calcutta
265,TestJob,87,master,SUCCESS,SYSTEM,1465217587000,Asia/Calcutta
296,TestJob,86,master,SUCCESS,SYSTEM,1465217563000,Asia/Calcutta
281,TestJob,85,master,SUCCESS,SYSTEM,1465217362000,Asia/Calcutta
296,TestJob,84,master,SUCCESS,SYSTEM,1465217290000,Asia/Calcutta
312,TestJob,83,master,SUCCESS,SYSTEM,1465217222000,Asia/Calcutta
281,TestJob,82,master,SUCCESS,SYSTEM,1465217196000,Asia/Calcutta
265,TestJob,81,master,SUCCESS,SYSTEM,1465217175000,Asia/Calcutta
296,TestJob,80,master,SUCCESS,SYSTEM,1465217152000,Asia/Calcutta
608,TestJob,79,master,SUCCESS,SYSTEM,1465215803000,Asia/Calcutta
281,TestJob,78,master,SUCCESS,SYSTEM,1465215784000,Asia/Calcutta
281,TestJob,77,master,SUCCESS,SYSTEM,1465215771000,Asia/Calcutta
343,TestJob,76,master,SUCCESS,SYSTEM,1465215738000,Asia/Calcutta
281,TestJob,75,master,SUCCESS,SYSTEM,1465215710000,Asia/Calcutta
343,TestJob,74,master,SUCCESS,SYSTEM,1465215689000,Asia/Calcutta
265,TestJob,73,master,SUCCESS,SYSTEM,1465215644000,Asia/Calcutta
328,TestJob,72,master,SUCCESS,SYSTEM,1465215620000,Asia/Calcutta
312,TestJob,71,master,SUCCESS,SYSTEM,1465215585000,Asia/Calcutta
297,TestJob,70,master,SUCCESS,SYSTEM,1465215539000,Asia/Calcutta
281,TestJob,69,master,SUCCESS,SYSTEM,1465215262000,Asia/Calcutta
312,TestJob,68,master,SUCCESS,SYSTEM,1465215230000,Asia/Calcutta
281,TestJob,67,master,SUCCESS,SYSTEM,1465215178000,Asia/Calcutta
281,TestJob,66,master,SUCCESS,SYSTEM,1465215142000,Asia/Calcutta
296,TestJob,65,master,SUCCESS,SYSTEM,1465215088000,Asia/Calcutta
561,TestJob,64,master,SUCCESS,SYSTEM,1465215047000,Asia/Calcutta
312,TestJob,63,master,SUCCESS,SYSTEM,1465214968000,Asia/Calcutta
328,TestJob,62,master,SUCCESS,SYSTEM,1465214926000,Asia/Calcutta
328,TestJob,61,master,SUCCESS,SYSTEM,1465214884000,Asia/Calcutta
296,TestJob,60,master,SUCCESS,SYSTEM,1465214787000,Asia/Calcutta
328,TestJob,59,master,SUCCESS,SYSTEM,1465214688000,Asia/Calcutta
297,TestJob,58,master,SUCCESS,SYSTEM,1465214654000,Asia/Calcutta
297,TestJob,57,master,SUCCESS,SYSTEM,1465214578000,Asia/Calcutta
312,TestJob,56,master,SUCCESS,SYSTEM,1465214501000,Asia/Calcutta
281,TestJob,55,master,SUCCESS,SYSTEM,1465214438000,Asia/Calcutta
296,TestJob,54,master,SUCCESS,SYSTEM,1465214344000,Asia/Calcutta
702,TestJob,53,master,SUCCESS,SYSTEM,1465214262000,Asia/Calcutta
281,TestJob,52,master,SUCCESS,SYSTEM,1465213874000,Asia/Calcutta
280,TestJob,51,master,SUCCESS,SYSTEM,1465213857000,Asia/Calcutta
343,TestJob,50,master,SUCCESS,SYSTEM,1465213815000,Asia/Calcutta
297,TestJob,49,master,SUCCESS,SYSTEM,1465213786000,Asia/Calcutta
312,TestJob,48,master,SUCCESS,SYSTEM,1465213683000,Asia/Calcutta
296,TestJob,47,master,SUCCESS,SYSTEM,1465213279000,Asia/Calcutta
327,TestJob,46,master,SUCCESS,SYSTEM,1465213265000,Asia/Calcutta
312,TestJob,45,master,SUCCESS,SYSTEM,1465213246000,Asia/Calcutta
328,TestJob,44,master,SUCCESS,SYSTEM,1465213220000,Asia/Calcutta
281,TestJob,43,master,SUCCESS,SYSTEM,1465213185000,Asia/Calcutta
328,TestJob,42,master,SUCCESS,SYSTEM,1465213147000,Asia/Calcutta
296,TestJob,41,master,SUCCESS,SYSTEM,1465213018000,Asia/Calcutta
297,TestJob,40,master,SUCCESS,SYSTEM,1465213003000,Asia/Calcutta
343,TestJob,39,master,SUCCESS,SYSTEM,1465212889000,Asia/Calcutta
281,TestJob,38,master,SUCCESS,SYSTEM,1465212334000,Asia/Calcutta
281,TestJob,37,master,SUCCESS,SYSTEM,1465212267000,Asia/Calcutta
281,TestJob,36,master,SUCCESS,SYSTEM,1465212246000,Asia/Calcutta
296,TestJob,35,master,SUCCESS,SYSTEM,1465212073000,Asia/Calcutta
639,TestJob,34,master,SUCCESS,SYSTEM,1465211475000,Asia/Calcutta
520,TestJob,33,master,SUCCESS,SYSTEM,1465211161000,Asia/Calcutta
511,TestJob,32,master,SUCCESS,SYSTEM,1465210918000,Asia/Calcutta
514,TestJob,31,master,SUCCESS,SYSTEM,1465210916000,Asia/Calcutta
512,TestJob,30,master,SUCCESS,SYSTEM,1465210912000,Asia/Calcutta
577,TestJob,29,master,SUCCESS,SYSTEM,1465210910000,Asia/Calcutta
522,TestJob,28,master,SUCCESS,SYSTEM,1465210908000,Asia/Calcutta
512,TestJob,27,master,SUCCESS,SYSTEM,1465210906000,Asia/Calcutta
519,TestJob,26,master,SUCCESS,SYSTEM,1465210824000,Asia/Calcutta
808,TestJob,25,master,SUCCESS,SYSTEM,1465210822000,Asia/Calcutta
586,TestJob,24,master,SUCCESS,SYSTEM,1465210819000,Asia/Calcutta
601,TestJob,23,master,SUCCESS,SYSTEM,1465210817000,Asia/Calcutta
577,TestJob,22,master,SUCCESS,SYSTEM,1465210814000,Asia/Calcutta
968,TestJob,21,master,SUCCESS,SYSTEM,1465210811000,Asia/Calcutta
587,TestJob,20,master,SUCCESS,SYSTEM,1465210719000,Asia/Calcutta
522,TestJob,19,master,SUCCESS,SYSTEM,1465210717000,Asia/Calcutta
542,TestJob,18,master,SUCCESS,SYSTEM,1465210715000,Asia/Calcutta
578,TestJob,17,master,SUCCESS,SYSTEM,1465210713000,Asia/Calcutta
518,TestJob,16,master,SUCCESS,SYSTEM,1465210711000,Asia/Calcutta
606,TestJob,15,master,SUCCESS,SYSTEM,1465210708000,Asia/Calcutta
512,TestJob,14,master,SUCCESS,SYSTEM,1465210469000,Asia/Calcutta
514,TestJob,13,master,SUCCESS,SYSTEM,1465210467000,Asia/Calcutta
515,TestJob,12,master,SUCCESS,SYSTEM,1465210465000,Asia/Calcutta
512,TestJob,11,master,SUCCESS,SYSTEM,1465210463000,Asia/Calcutta
510,TestJob,10,master,SUCCESS,SYSTEM,1465210459000,Asia/Calcutta
520,TestJob,9,master,SUCCESS,SYSTEM,1465210457000,Asia/Calcutta
553,TestJob,8,master,SUCCESS,SYSTEM,1465210454000,Asia/Calcutta
556,TestJob,7,master,SUCCESS,SYSTEM,1465208913000,Asia/Calcutta
546,TestJob,6,master,SUCCESS,SYSTEM,1465208852000,Asia/Calcutta
575,TestJob,5,master,SUCCESS,SYSTEM,1465208812000,Asia/Calcutta
595,TestJob,4,master,SUCCESS,SYSTEM,1465208525000,Asia/Calcutta
547,TestJob,3,master,SUCCESS,SYSTEM,1465208484000,Asia/Calcutta
653,TestJob,2,master,SUCCESS,SYSTEM,1465208359000,Asia/Calcutta
893,TestJob,1,master,SUCCESS,SYSTEM,1465208335000,Asia/Calcutta
12108,Deploy Project,2092,master,SUCCESS,SYSTEM,1465470273817,Asia/Calcutta
10251,Deploy Project,2093,master,SUCCESS,SYSTEM,1465470286042,Asia/Calcutta
23072,SeleniumUnitTest,2176,master,SUCCESS,SYSTEM,1465470294609,Asia/Calcutta
19662,SeleniumUnitTest,2177,master,SUCCESS,SYSTEM,1465470304585,Asia/Calcutta
677,Deploy For Test,42,master,SUCCESS,SYSTEM,1465470329688,Asia/Calcutta
13248,SeleniumFullTest,47,master,SUCCESS,SYSTEM,1465470339691,Asia/Calcutta
201131,JmeterUnitTest,50,master,SUCCESS,SYSTEM,1465470294583,Asia/Calcutta
756,Deploy For Test,43,master,SUCCESS,SYSTEM,1465470504742,Asia/Calcutta
14001,SeleniumFullTest,48,master,SUCCESS,SYSTEM,1465470514743,Asia/Calcutta
194373,JmeterFullTest,44,master,FAILURE,SYSTEM,1465470359732,Asia/Calcutta
70492,JmeterUnitTest,51,master,ABORTED,SYSTEM,1465470495750,Asia/Calcutta
19297,JmeterFullTest,45,master,ABORTED,SYSTEM,1465470554137,Asia/Calcutta
15916,SeleniumFullTest,49,master,SUCCESS,SYSTEM,1465470624977,Asia/Calcutta
194254,JmeterUnitTest,52,master,SUCCESS,SYSTEM,1465470616102,Asia/Calcutta
764,Deploy For Test,44,master,SUCCESS,SYSTEM,1465470820293,Asia/Calcutta
196423,JmeterFullTest,46,master,FAILURE,SYSTEM,1465470624962,Asia/Calcutta
14751,SeleniumFullTest,50,master,SUCCESS,SYSTEM,1465470830306,Asia/Calcutta
13400,SeleniumFullTest,51,master,SUCCESS,SYSTEM,1465470960512,Asia/Calcutta
194554,JmeterFullTest,47,master,FAILURE,SYSTEM,1465470821416,Asia/Calcutta
